{
  "layer0": {
    "dct": {
      "p10": 0.000244140625,
      "p50": 0.4210205078125,
      "p90": 0.54296875
    },
    "dft": {
      "p10": 0.00048804294783622026,
      "p50": 0.4758418798446655,
      "p90": 0.6876525282859802
    },
    "wavelet": {
      "p10": 0.0033718689810484648,
      "p50": 0.34657996892929077,
      "p90": 0.5228805541992188
    }
  },
  "layer4": {
    "dct": {
      "p10": 0.04150390625,
      "p50": 0.478515625,
      "p90": 0.537353515625
    },
    "dft": {
      "p10": 0.00048804294783622026,
      "p50": 0.58150315284729,
      "p90": 0.6808199286460876
    },
    "wavelet": {
      "p10": 0.007345857098698616,
      "p50": 0.4279865026473999,
      "p90": 0.5171002149581909
    }
  },
  "layer8": {
    "dct": {
      "p10": 0.1885986328125,
      "p50": 0.4764404296875,
      "p90": 0.531982421875
    },
    "dft": {
      "p10": 0.11322596669197083,
      "p50": 0.5878477096557617,
      "p90": 0.6732552647590637
    },
    "wavelet": {
      "p10": 0.13619941473007202,
      "p50": 0.42112234234809875,
      "p90": 0.5028902292251587
    }
  },
  "layer16": {
    "dct": {
      "p10": 0.2205810546875,
      "p50": 0.458251953125,
      "p90": 0.522705078125
    },
    "dft": {
      "p10": 0.15959005057811737,
      "p50": 0.5556368827819824,
      "p90": 0.6583699584007263
    },
    "wavelet": {
      "p10": 0.16449902951717377,
      "p50": 0.3976396918296814,
      "p90": 0.4945809245109558
    }
  },
  "layer31": {
    "dct": {
      "p10": 0.172119140625,
      "p50": 0.4617919921875,
      "p90": 0.5343017578125
    },
    "dft": {
      "p10": 0.07955100387334824,
      "p50": 0.5502684116363525,
      "p90": 0.6725232005119324
    },
    "wavelet": {
      "p10": 0.11078998446464539,
      "p50": 0.4036608934402466,
      "p90": 0.5061416029930115
    }
  }
}